{
  "project_info": {
    "project_number": "119951258521",
    "firebase_url": "https://nicfirebaseproject-a1780.firebaseio.com",
    "project_id": "nicfirebaseproject-a1780",
    "storage_bucket": "nicfirebaseproject-a1780.appspot.com"
  },
  "client": [
    {
      "client_info": {
        "mobilesdk_app_id": "1:119951258521:android:7676757a10fab4baa3d908",
        "android_client_info": {
          "package_name": "com.example.nic"
        }
      },
      "oauth_client": [
        {
          "client_id": "119951258521-2od7miivp77jq6q456t10arjbt1e5bhh.apps.googleusercontent.com",
          "client_type": 1,
          "android_info": {
            "package_name": "com.example.nic",
            "certificate_hash": "b3d998addcba22774a5874f8208a4f009e547349"
          }
        },
        {
          "client_id": "119951258521-ctl1ebqv3qa7hehpslg4l4vm3dushvpd.apps.googleusercontent.com",
          "client_type": 3
        }
      ],
      "api_key": [
        {
          "current_key": "AIzaSyBbcVSWUlzwGRWnZWft-0THGazm3puCIrE"
        }
      ],
      "services": {
        "appinvite_service": {
          "other_platform_oauth_client": [
            {
              "client_id": "119951258521-ctl1ebqv3qa7hehpslg4l4vm3dushvpd.apps.googleusercontent.com",
              "client_type": 3
            }
          ]
        }
      }
    }
  ],
  "configuration_version": "1"
}