{
  "project_info": {
    "project_number": "323488912679",
    "firebase_url": "https://nicfirebaseproject-dbd45.firebaseio.com",
    "project_id": "nicfirebaseproject-dbd45",
    "storage_bucket": "nicfirebaseproject-dbd45.appspot.com"
  },
  "client": [
    {
      "client_info": {
        "mobilesdk_app_id": "1:323488912679:android:1991936a27ae68d0610502",
        "android_client_info": {
          "package_name": "com.example.nic"
        }
      },
      "oauth_client": [
        {
          "client_id": "323488912679-71umo8h58v1mpgm455i517gm770lrgi1.apps.googleusercontent.com",
          "client_type": 1,
          "android_info": {
            "package_name": "com.example.nic",
            "certificate_hash": "b3d998addcba22774a5874f8208a4f009e547349"
          }
        },
        {
          "client_id": "323488912679-tappnlcna5o5atdq0159dfaq116l84am.apps.googleusercontent.com",
          "client_type": 3
        }
      ],
      "api_key": [
        {
          "current_key": "AIzaSyCFaKST8vXzXzackthVP5B6SdRFRvB095k"
        }
      ],
      "services": {
        "appinvite_service": {
          "other_platform_oauth_client": [
            {
              "client_id": "323488912679-tappnlcna5o5atdq0159dfaq116l84am.apps.googleusercontent.com",
              "client_type": 3
            }
          ]
        }
      }
    }
  ],
  "configuration_version": "1"
}